Resource,Zone,AnnualSum,Capacity,CapacityFactor
Skandi_conventional_hydroelectric,1,1.804726742435473e8,43001.43,0.47909810098082173
UK_conventional_hydroelectric,3,0.0,0.0,0.0
Cont_conventional_hydroelectric,2,4.47807502220622e6,1433.0,0.3567311785001147
Skandi_CCG_CCS,1,0.0,0.0,0.0
Skandi_natural_gas_combined_cycle,1,278073.11588537716,3254.85874197979,0.009752652540706286
Skandi_nuclear,1,3.357790143965926e6,4578.995246,0.08371036801138884
Skandi_biomass,1,0.0,0.0,0.0
Skandi_lignite_coal,1,0.0,0.0,0.0
Skandi_hard_coal,1,0.0,0.0,0.0
Cont_CCG_CCS,2,0.0,0.0,0.0
Cont_natural_gas_combined_cycle,2,1.0898528300711161e8,87967.02040434803,0.14143075774560457
Cont_nuclear,2,4.104787981601345e7,9479.0,0.49433811891816426
Cont_biomass,2,2673.1979476999995,381.8854211,0.0007990867579908675
Cont_lignite_coal,2,9.544520848586594e7,18900.0,0.5764852775112097
Cont_hard_coal,2,1.67222365757032e8,25154.5,0.7588825522065054
UK_CCG_CCS,3,0.0,0.0,0.0
UK_natural_gas_combined_cycle,3,6.469702765271268e7,48168.577761489745,0.1533262093885615
UK_nuclear,3,3.271928457061796e7,8256.0,0.4524077213336746
UK_biomass,3,0.0,0.0,0.0
UK_lignite_coal,3,0.0,0.0,0.0
UK_hard_coal,3,3.154110955747381e7,5755.0,0.6256443584390348
Skandi_solar_pv,1,0.0,0.0,0.0
Skandi_onshore_wind,1,9.412736046234743e7,42012.54222654749,0.2557601112289016
Skandi_solar_pv_utility,1,2.781006400000006e6,3200.0,0.09920827625570798
Skandi_offshore_wind,1,1.2836162857095608e8,32215.12162827432,0.4548532864639414
Cont_solar_pv,2,0.0,0.0,0.0
Cont_onshore_wind,2,4.4022115620646334e8,224657.54882573994,0.22368959737717783
Cont_solar_pv_utility,2,1.5684784711076292e8,162632.01744314577,0.1100952054794521
Cont_offshore_wind,2,3.593853335918657e7,15916.62,0.2577539893065868
UK_solar_pv,3,0.0,0.0,0.0
UK_onshore_wind,3,2.695124257230723e8,121879.21222441434,0.2524323720400891
UK_solar_pv_utility,3,3.2883092485989768e7,34154.18425770246,0.10990681706012369
UK_offshore_wind,3,2.4111694687150802e7,12160.0,0.2263549804654718
Cont_run_of_river,2,1.2321924980502557e7,3943.06,0.35673117850010877
Skandi_run_of_river,1,2.812732575854008e7,6701.93,0.47909810098082223
UK_run_of_river,3,1.5422219124673004e6,1919.0,0.0917419123156384
Skandi_pumped_hydro_storage,1,0.0,1064.7,0.0
UK_pumped_hydro_storage,3,0.0,4309.0,0.0
Cont_pumped_hydro_storage,2,0.0,10588.0,0.0
Skandi_battery,1,0.0,0.0,0.0
UK_battery,2,0.0,0.0,0.0
Cont_battery,3,0.0,0.0,0.0
