Region,Resource,Zone,Cluster,AnnualSum
Skandi,Skandi_conventional_hydroelectric,1,1,9.308378997239008e9
UK,UK_conventional_hydroelectric,3,1,0.0
Cont,Cont_conventional_hydroelectric,2,1,3.6052373176961935e8
Skandi,Skandi_CCG_CCS,1,1,0.0
Skandi,Skandi_natural_gas_combined_cycle,1,1,1.6109070224974665e8
Skandi,Skandi_nuclear,1,1,3.942647591581516e8
Skandi,Skandi_biomass,1,1,0.0
Skandi,Skandi_lignite_coal,1,1,0.0
Skandi,Skandi_hard_coal,1,1,0.0
Cont,Cont_CCG_CCS,2,1,0.0
Cont,Cont_natural_gas_combined_cycle,2,1,1.167303028707155e10
Cont,Cont_nuclear,2,1,2.9299455256666474e9
Cont,Cont_biomass,2,1,1.6551139179394636e7
Cont,Cont_lignite_coal,2,1,7.057572809925955e9
Cont,Cont_hard_coal,2,1,1.080475023740008e10
UK,UK_CCG_CCS,3,1,0.0
UK,UK_natural_gas_combined_cycle,3,1,6.790986177727247e9
UK,UK_nuclear,3,1,2.3732255989534917e9
UK,UK_biomass,3,1,0.0
UK,UK_lignite_coal,3,1,0.0
UK,UK_hard_coal,3,1,2.2547119244323635e9
Skandi,Skandi_solar_pv,1,1,0.0
Skandi,Skandi_onshore_wind,1,1,3.1441726835483546e9
Skandi,Skandi_solar_pv_utility,1,1,7.647118173969842e7
Skandi,Skandi_offshore_wind,1,1,4.661273896915614e9
Cont,Cont_solar_pv,2,1,0.0
Cont,Cont_onshore_wind,2,1,1.6800741979809916e10
Cont,Cont_solar_pv_utility,2,1,4.7858011477652855e9
Cont,Cont_offshore_wind,2,1,1.7574610229325986e9
UK,UK_solar_pv,3,1,0.0
UK,UK_onshore_wind,3,1,9.12060978455538e9
UK,UK_solar_pv_utility,3,1,1.0050612222076243e9
UK,UK_offshore_wind,3,1,1.2859099967596028e9
Cont,Cont_run_of_river,2,1,6.651528292877223e8
Skandi,Skandi_run_of_river,1,1,8.35373610728657e8
UK,UK_run_of_river,3,1,7.683122138730736e7
Skandi,Skandi_pumped_hydro_storage,1,0,0.0
UK,UK_pumped_hydro_storage,3,0,0.0
Cont,Cont_pumped_hydro_storage,2,0,0.0
Skandi ,Skandi_battery,1,0,0.0
UK,UK_battery,2,0,0.0
Cont,Cont_battery,3,0,0.0
