Resource,Fuel,Zone,AnnualSumCosts
Skandi_CCG_CCS,NG_CCS,1,0.0
Skandi_natural_gas_combined_cycle,Skandi_NG,1,1.82965245983855e7
Skandi_nuclear,Skandi_nuclear,1,1.366283317795517e8
Skandi_biomass,biomass,1,0.0
Skandi_lignite_coal,Skandi_lignite_coal,1,0.0
Skandi_hard_coal,Skandi_hard_coal,1,0.0
Cont_CCG_CCS,NG_CCS,2,0.0
Cont_natural_gas_combined_cycle,Cont_NG,2,7.066965773931715e9
Cont_nuclear,Cont_nuclear,2,1.6702364060563548e9
Cont_biomass,biomass,2,1.906344458151322e6
Cont_lignite_coal,Cont_lignite_coal,2,3.0567397777557044e9
Cont_hard_coal,Cont_hard_coal,2,5.408860602581609e9
UK_CCG_CCS,NG_CCS,3,0.0
UK_natural_gas_combined_cycle,UK_NG,3,4.200590196864029e9
UK_nuclear,UK_nuclear,3,1.3313462355403886e9
UK_biomass,biomass,3,0.0
UK_lignite_coal,UK_lignite_coal,3,0.0
UK_hard_coal,UK_hard_coal,3,1.0202072197387139e9
