Region,Resource,Zone,Cluster,AnnualSum
Skandi,Skandi_conventional_hydroelectric,1,1,7.568467963791321e9
UK,UK_conventional_hydroelectric,3,1,0.0
Cont,Cont_conventional_hydroelectric,2,1,3.232966026382755e8
Skandi,Skandi_CCS,1,1,0.0
Skandi,Skandi_natural_gas_combined_cycle,1,1,4.09675921377022e6
Skandi,Skandi_nuclear,1,1,1.211617297173994e8
Skandi,Skandi_biomass,1,1,0.0
Skandi,Skandi_lignite_coal,1,1,0.0
Skandi,Skandi_hard_coal,1,1,0.0
Cont,Cont_CCS,2,1,0.0
Cont,Cont_natural_gas_combined_cycle,2,1,4.2519742671000805e9
Cont,Cont_nuclear,2,1,2.5038942688434196e9
Cont,Cont_biomass,2,1,842562.0168770857
Cont,Cont_lignite_coal,2,1,7.900591444680916e9
Cont,Cont_hard_coal,2,1,8.563201156881638e9
UK,UK_CCS,3,1,0.0
UK,UK_natural_gas_combined_cycle,3,1,3.3469151725707216e9
UK,UK_nuclear,3,1,2.18532705289687e9
UK,UK_biomass,3,1,1.7904081048557037e6
UK,UK_lignite_coal,3,1,0.0
UK,UK_hard_coal,3,1,2.0557994875181668e9
Skandi,Skandi_solar_pv,1,1,0.0
Skandi,Skandi_onshore_wind,1,1,1.7232112781113594e9
Skandi,Skandi_solar_pv_utility,1,1,8.315296878607856e7
Skandi,Skandi_offshore_wind,1,1,3.3880522742917633e9
Cont,Cont_solar_pv,2,1,0.0
Cont,Cont_onshore_wind,2,1,1.2592765678511713e10
Cont,Cont_solar_pv_utility,2,1,4.096130458168528e9
Cont,Cont_offshore_wind,2,1,1.8449883383648875e9
UK,UK_solar_pv,3,1,0.0
UK,UK_onshore_wind,3,1,7.334961377745706e9
UK,UK_solar_pv_utility,3,1,8.356001186128595e8
UK,UK_offshore_wind,3,1,1.3515798194092278e9
Cont,Cont_run_of_river,2,1,6.199896651089702e8
Skandi,Skandi_run_of_river,1,1,9.025785203011217e8
UK,UK_run_of_river,3,1,7.248131386358893e7
Skandi,Skandi_pumped_hydro_storage,1,0,0.0
UK,UK_pumped_hydro_storage,3,0,0.0
Cont,Cont_pumped_hydro_storage,2,0,0.0
Skandi ,Skandi_battery,1,0,0.0
UK,UK_battery,2,0,0.0
Cont,Cont_battery,3,0,0.0
