Resource,Fuel,Zone,AnnualSumCosts
Skandi_CCS,CCS,1,0.0
Skandi_natural_gas_combined_cycle,Skandi_NG,1,860865.5777730753
Skandi_nuclear,Skandi_nuclear,1,6.093935893537296e7
Skandi_biomass,biomass,1,0.0
Skandi_lignite_coal,Skandi_lignite_coal,1,0.0
Skandi_hard_coal,Skandi_hard_coal,1,0.0
Cont_CCS,CCS,2,0.0
Cont_natural_gas_combined_cycle,Cont_NG,2,3.3975019145723066e9
Cont_nuclear,Cont_nuclear,2,1.521568435636997e9
Cont_biomass,biomass,2,187915.63102666504
Cont_lignite_coal,Cont_lignite_coal,2,4.2860302989388785e9
Cont_hard_coal,Cont_hard_coal,2,4.750093371288519e9
UK_CCS,CCS,3,0.0
UK_natural_gas_combined_cycle,UK_NG,3,2.708736878266624e9
UK_nuclear,UK_nuclear,3,1.3142628429605916e9
UK_biomass,biomass,3,399312.64652331924
UK_lignite_coal,UK_lignite_coal,3,0.0
UK_hard_coal,UK_hard_coal,3,1.0989987722233493e9
