Resource;Zone;Retrofit_Id;StartCap;RetCap;RetroCap;NewCap;EndCap;CapacityConstraintDual;StartEnergyCap;RetEnergyCap;NewEnergyCap;EndEnergyCap;StartChargeCap;RetChargeCap;NewChargeCap;EndChargeCap
Skandi_conventional_hydroelectric;1;None;43001.43;0;0;0;43001.43;0;0;0;0;0;0;0;0;0
UK_conventional_hydroelectric;3;None;0;0;0;0;0;0;0;0;0;0;0;0;0;0
Cont_conventional_hydroelectric;2;None;1433;0;0;0;1433;0;0;0;0;0;0;0;0;0
Skandi_natural_gas_combined_cycle;1;None;458.94;0;0;0;458.94;0;0;0;0;0;0;0;0;0
Skandi_nuclear;1;None;0;0;0;0;0;0;0;0;0;0;0;0;0;0
Skandi_biomass;1;None;0;0;0;0;0;0;0;0;0;0;0;0;0;0
Skandi_lignite_coal;1;None;0;0;0;0;0;0;0;0;0;0;0;0;0;0
Skandi_hard_coal;1;None;0;0;0;0;0;0;0;0;0;0;0;0;0;0
Cont_natural_gas_combined_cycle;2;None;48796.23854;0;0;0;48796.23854;0;0;0;0;0;0;0;0;0
Cont_nuclear;2;None;9479;0;0;0;9479;0;0;0;0;0;0;0;0;0
Cont_biomass;2;None;0;0;0;0;0;0;0;0;0;0;0;0;0;0
Cont_lignite_coal;2;None;21900.57058;0;0;0;21900.57058;0;0;0;0;0;0;0;0;0
Cont_hard_coal;2;None;25154.5;0;0;23650.2609;48804.7609;0;0;0;0;0;0;0;0;0
UK_natural_gas_combined_cycle;3;None;33873.16348;0;0;0;33873.16348;0;0;0;0;0;0;0;0;0
UK_nuclear;3;None;8256;0;0;0;8256;0;0;0;0;0;0;0;0;0
UK_biomass;3;None;0;0;0;0;0;0;0;0;0;0;0;0;0;0
UK_lignite_coal;3;None;4627.523402;0;0;0;4627.523402;0;0;0;0;0;0;0;0;0
UK_hard_coal;3;None;5755;0;0;7640.921837;13395.92184;0;0;0;0;0;0;0;0;0
Skandi_solar_pv;1;None;0;0;0;0;0;0;0;0;0;0;0;0;0;0
Skandi_onshore_wind;1;None;19829.8;0;0;18799.23463;38629.03463;0;0;0;0;0;0;0;0;0
Skandi_solar_pv_utility;1;None;3200;0;0;0;3200;0;0;0;0;0;0;0;0;0
Skandi_offshore_wind;1;None;23627.11521;0;0;3390.403211;27017.51842;0;0;0;0;0;0;0;0;0
Cont_solar_pv;2;None;0;0;0;0;0;0;0;0;0;0;0;0;0;0
Cont_onshore_wind;2;None;154121.3254;0;0;22069.81331;176191.1387;0;0;0;0;0;0;0;0;0
Cont_solar_pv_utility;2;None;153342.6683;0;0;41362.1789;194704.8472;0;0;0;0;0;0;0;0;0
Cont_offshore_wind;2;None;15916.62;0;0;0;15916.62;0;0;0;0;0;0;0;0;0
UK_solar_pv;3;None;0;0;0;0;0;0;0;0;0;0;0;0;0;0
UK_onshore_wind;3;None;88398.65813;0;0;17439.08703;105837.7452;0;0;0;0;0;0;0;0;0
UK_solar_pv_utility;3;None;28786.14638;0;0;7271.930347;36058.07673;0;0;0;0;0;0;0;0;0
UK_offshore_wind;3;None;12160;0;0;0;12160;0;0;0;0;0;0;0;0;0
Cont_run_of_river;2;None;3943.06;0;0;0;3943.06;0;0;0;0;0;0;0;0;0
Skandi_run_of_river;1;None;6701.93;0;0;10549.89257;17251.82257;0;0;0;0;0;0;0;0;0
UK_run_of_river;3;None;1919;0;0;0;1919;0;0;0;0;0;0;0;0;0
Skandi_pumped_hydro_storage;1;None;1064.7;0;0;0;1064.7;0;212940;212940;212940;212940;0;0;0;0
UK_pumped_hydro_storage;3;None;4309;0;0;0;4309;0;861800;861800;861800;861800;0;0;0;0
Cont_pumped_hydro_storage;2;None;10588;0;0;0;10588;0;2.12E+06;2.12E+06;2.12E+06;2.12E+06;0;0;0;0
Total;n/a;n/a;730643.3894;0;0;152173.7227;882817.1122;n/a;3.19E+06;3.19E+06;3.19E+06;3.19E+06;0;0;0;0
