Region,Resource,Zone,Cluster,AnnualSum
Skandi,Skandi_conventional_hydroelectric,1,1,8.385993843122982e9
UK,UK_conventional_hydroelectric,3,1,0.0
Cont,Cont_conventional_hydroelectric,2,1,1.4227170361325783e8
Skandi,Skandi_natural_gas_combined_cycle,1,1,2.0037512982825268e7
Skandi,Skandi_nuclear,1,1,0.0
Skandi,Skandi_biomass,1,1,0.0
Skandi,Skandi_lignite_coal,1,1,0.0
Skandi,Skandi_hard_coal,1,1,0.0
Cont,Cont_natural_gas_combined_cycle,2,1,3.090406602326412e9
Cont,Cont_nuclear,2,1,1.485267235407767e9
Cont,Cont_biomass,2,1,0.0
Cont,Cont_lignite_coal,2,1,5.521797776716807e9
Cont,Cont_hard_coal,2,1,1.7452683254214687e10
UK,UK_natural_gas_combined_cycle,3,1,1.9701310877170422e9
UK,UK_nuclear,3,1,1.3365511239808624e9
UK,UK_biomass,3,1,0.0
UK,UK_lignite_coal,3,1,1.1701638356747842e9
UK,UK_hard_coal,3,1,4.444875987466116e9
Skandi,Skandi_solar_pv,1,1,0.0
Skandi,Skandi_onshore_wind,1,1,2.8909368486411376e9
Skandi,Skandi_solar_pv_utility,1,1,8.508974395821579e7
Skandi,Skandi_offshore_wind,1,1,3.9100833288770957e9
Cont,Cont_solar_pv,2,1,0.0
Cont,Cont_onshore_wind,2,1,1.3178589559096869e10
Cont,Cont_solar_pv_utility,2,1,5.729613982870224e9
Cont,Cont_offshore_wind,2,1,1.720156138907809e9
UK,UK_solar_pv,3,1,0.0
UK,UK_onshore_wind,3,1,7.922934062343263e9
UK,UK_solar_pv_utility,3,1,1.0610874027008104e9
UK,UK_offshore_wind,3,1,1.2679439917359948e9
Cont,Cont_run_of_river,2,1,1.9431270382280773e8
Skandi,Skandi_run_of_river,1,1,2.2257533651177373e9
UK,UK_run_of_river,3,1,6.6140226259892866e7
Skandi,Skandi_pumped_hydro_storage,1,0,9.962792854447986e7
UK,UK_pumped_hydro_storage,3,0,8.268060214047261e8
Cont,Cont_pumped_hydro_storage,2,0,1.8067153834087276e9
