Resource,Fuel,Zone,AnnualSumCosts
Skandi_natural_gas_combined_cycle,Skandi_NG,1,5.564178653383075e6
Skandi_nuclear,Skandi_nuclear,1,0.0
Skandi_biomass,biomass,1,0.0
Skandi_lignite_coal,Skandi_lignite_coal,1,0.0
Skandi_hard_coal,Skandi_hard_coal,1,0.0
Cont_natural_gas_combined_cycle,Cont_NG,2,1.663080847267908e9
Cont_nuclear,Cont_nuclear,2,8.445862950395823e8
Cont_biomass,biomass,2,0.0
Cont_lignite_coal,Cont_lignite_coal,2,2.7762228928125634e9
Cont_hard_coal,Cont_hard_coal,2,1.099391583744977e10
UK_natural_gas_combined_cycle,UK_NG,3,1.2895207023455951e9
UK_nuclear,UK_nuclear,3,8.34803996238457e8
UK_biomass,biomass,3,0.0
UK_lignite_coal,UK_lignite_coal,3,5.889355611384984e8
UK_hard_coal,UK_hard_coal,3,2.697929411228779e9
