Region,Resource,Zone,Cluster,AnnualSum
Skandi,Skandi_conventional_hydroelectric,1,1,9.600578801757196e9
UK,UK_conventional_hydroelectric,3,1,0.0
Cont,Cont_conventional_hydroelectric,2,1,4.4203817937708634e8
Skandi,Skandi_CCG_CCS,1,1,3.30672957896214e-10
Skandi,Skandi_natural_gas_combined_cycle,1,1,3.4176246846155983e8
Skandi,Skandi_nuclear,1,1,5.864747566081184e8
Skandi,Skandi_biomass,1,1,0.0
Skandi,Skandi_lignite_coal,1,1,0.0
Skandi,Skandi_hard_coal,1,1,0.0
Cont,Cont_CCG_CCS,2,1,7.036621438981982e9
Cont,Cont_natural_gas_combined_cycle,2,1,1.2318897771558607e10
Cont,Cont_nuclear,2,1,3.9273699583835917e9
Cont,Cont_biomass,2,1,5.236014891480885e6
Cont,Cont_lignite_coal,2,1,1.2858574414259079e9
Cont,Cont_hard_coal,2,1,4.305123892995326e9
UK,UK_CCG_CCS,3,1,0.0
UK,UK_natural_gas_combined_cycle,3,1,7.172721731430142e9
UK,UK_nuclear,3,1,2.855586531079266e9
UK,UK_biomass,3,1,1.112630680277504e7
UK,UK_lignite_coal,3,1,0.0
UK,UK_hard_coal,3,1,1.514634553049809e9
Skandi,Skandi_solar_pv,1,1,0.0
Skandi,Skandi_onshore_wind,1,1,3.7118187307258034e9
Skandi,Skandi_solar_pv_utility,1,1,6.720082511216436e7
Skandi,Skandi_offshore_wind,1,1,3.7451033220648956e9
Cont,Cont_solar_pv,2,1,0.0
Cont,Cont_onshore_wind,2,1,2.54786066003405e10
Cont,Cont_solar_pv_utility,2,1,5.475853973153902e9
Cont,Cont_offshore_wind,2,1,1.7776246075000005e9
UK,UK_solar_pv,3,1,0.0
UK,UK_onshore_wind,3,1,1.0609465895003756e10
UK,UK_solar_pv_utility,3,1,1.2740721489082558e9
UK,UK_offshore_wind,3,1,1.3106809800590224e9
Cont,Cont_run_of_river,2,1,7.441868726460619e8
Skandi,Skandi_run_of_river,1,1,7.830612535097568e8
UK,UK_run_of_river,3,1,8.27372404374869e7
Skandi,Skandi_pumped_hydro_storage,1,0,0.0
UK,UK_pumped_hydro_storage,3,0,0.0
Cont,Cont_pumped_hydro_storage,2,0,0.0
Skandi ,Skandi_battery,1,0,-8.604446013849122e-11
UK,UK_battery,3,0,-4.2452076882094975e-10
Cont,Cont_battery,2,0,0.0
