Resource,Fuel,Zone,AnnualSumCosts
Skandi_CCG_CCS,NG_CCS,1,1.9857447353769863e-10
Skandi_natural_gas_combined_cycle,Skandi_NG,1,1.1786372141426754e8
Skandi_nuclear,Skandi_nuclear,1,2.807620432423775e8
Skandi_biomass,biomass,1,0.0
Skandi_lignite_coal,Skandi_lignite_coal,1,0.0
Skandi_hard_coal,Skandi_hard_coal,1,0.0
Cont_CCG_CCS,NG_CCS,2,4.7303446804093895e9
Cont_natural_gas_combined_cycle,Cont_NG,2,6.617737466574219e9
Cont_nuclear,Cont_nuclear,2,1.907251703077475e9
Cont_biomass,biomass,2,610038.6092932331
Cont_lignite_coal,Cont_lignite_coal,2,1.4000534651970163e8
Cont_hard_coal,Cont_hard_coal,2,1.0433331100354439e9
UK_CCG_CCS,NG_CCS,3,0.0
UK_natural_gas_combined_cycle,UK_NG,3,4.0516847436294e9
UK_nuclear,UK_nuclear,3,1.4066545888491225e9
UK_biomass,biomass,3,1.296305848858089e6
UK_lignite_coal,UK_lignite_coal,3,0.0
UK_hard_coal,UK_hard_coal,3,4.405346495197764e8
