Region,Resource,Zone,Cluster,R_ID,SubsidyRevenue
Skandi,Skandi_conventional_hydroelectric,1,1,1,0.0
UK,UK_conventional_hydroelectric,3,1,2,0.0
Cont,Cont_conventional_hydroelectric,2,1,3,0.0
Skandi,Skandi_CCG_CCS,1,1,4,0.0
Skandi,Skandi_natural_gas_combined_cycle,1,1,5,0.0
Skandi,Skandi_nuclear,1,1,6,0.0
Skandi,Skandi_biomass,1,1,7,0.0
Skandi,Skandi_lignite_coal,1,1,8,0.0
Skandi,Skandi_hard_coal,1,1,9,0.0
Cont,Cont_CCG_CCS,2,1,10,0.0
Cont,Cont_natural_gas_combined_cycle,2,1,11,0.0
Cont,Cont_nuclear,2,1,12,0.0
Cont,Cont_biomass,2,1,13,0.0
Cont,Cont_lignite_coal,2,1,14,0.0
Cont,Cont_hard_coal,2,1,15,0.0
UK,UK_CCG_CCS,3,1,16,0.0
UK,UK_natural_gas_combined_cycle,3,1,17,0.0
UK,UK_nuclear,3,1,18,0.0
UK,UK_biomass,3,1,19,0.0
UK,UK_lignite_coal,3,1,20,0.0
UK,UK_hard_coal,3,1,21,0.0
Skandi,Skandi_solar_pv,1,1,22,0.0
Skandi,Skandi_onshore_wind,1,1,23,0.0
Skandi,Skandi_solar_pv_utility,1,1,24,0.0
Skandi,Skandi_offshore_wind,1,1,25,0.0
Cont,Cont_solar_pv,2,1,26,0.0
Cont,Cont_onshore_wind,2,1,27,0.0
Cont,Cont_solar_pv_utility,2,1,28,0.0
Cont,Cont_offshore_wind,2,1,29,0.0
UK,UK_solar_pv,3,1,30,0.0
UK,UK_onshore_wind,3,1,31,0.0
UK,UK_solar_pv_utility,3,1,32,0.0
UK,UK_offshore_wind,3,1,33,0.0
Cont,Cont_run_of_river,2,1,34,0.0
Skandi,Skandi_run_of_river,1,1,35,0.0
UK,UK_run_of_river,3,1,36,0.0
Skandi,Skandi_pumped_hydro_storage,1,0,37,0.0
UK,UK_pumped_hydro_storage,3,0,38,0.0
Cont,Cont_pumped_hydro_storage,2,0,39,0.0
Skandi ,Skandi_battery,1,0,40,0.0
UK,UK_battery,3,0,41,0.0
Cont,Cont_battery,2,0,42,0.0
