Resource,Zone,AnnualSum,Capacity,CapacityFactor
Skandi_conventional_hydroelectric,1,1.804726742435479e8,43001.43,0.4790981009808233
UK_conventional_hydroelectric,3,0.0,0.0,0.0
Cont_conventional_hydroelectric,2,4.478075022206214e6,1433.0,0.3567311785001142
Skandi_CCS,1,0.0,0.0,0.0
Skandi_natural_gas_combined_cycle,1,0.0,0.0,0.0
Skandi_nuclear,1,0.0,-8.881784197001252e-13,0.0
Skandi_biomass,1,0.0,0.0,0.0
Skandi_lignite_coal,1,0.0,0.0,0.0
Skandi_hard_coal,1,0.0,0.0,0.0
Cont_CCS,2,0.0,0.0,0.0
Cont_natural_gas_combined_cycle,2,2.188081215098516e7,46845.005158444,0.053320724329701655
Cont_nuclear,2,3.2100971671192095e7,9479.0,0.3865908305741952
Cont_biomass,2,0.0,0.0,0.0
Cont_lignite_coal,2,1.3720969609708178e8,18900.0,0.8287411278845751
Cont_hard_coal,2,1.397287689146462e8,25154.5,0.6341120955356454
UK_CCS,3,-2.5224267119483557e-10,0.0,0.0
UK_natural_gas_combined_cycle,3,2.0357249252680287e7,39120.93582969453,0.059402640854694655
UK_nuclear,3,3.0096566897210307e7,8256.0,0.4161435504662765
UK_biomass,3,0.0,0.0,0.0
UK_lignite_coal,3,0.0,0.0,0.0
UK_hard_coal,3,3.0007846121942967e7,5755.0,0.5952307924009491
Skandi_solar_pv,1,0.0,0.0,0.0
Skandi_onshore_wind,1,4.8580985743836515e7,21678.057676446555,0.25582433219178047
Skandi_solar_pv_utility,1,2.781006400000006e6,3200.0,0.09920827625570798
Skandi_offshore_wind,1,1.0200634840311381e8,24280.7803617169,0.47957932762119726
Cont_solar_pv,2,0.0,0.0,0.0
Cont_onshore_wind,2,3.127312977641955e8,154657.98992169896,0.23083139677536035
Cont_solar_pv_utility,2,1.5513727471163428e8,160858.36325931523,0.11009520547945195
Cont_offshore_wind,2,4.015590774149495e7,15916.62,0.28800133024771396
UK_solar_pv,3,0.0,0.0,0.0
UK_onshore_wind,3,2.1086585886018366e8,91072.77211607799,0.2643100074376001
UK_solar_pv_utility,3,3.907841927536981e7,40549.833811123535,0.11001294820032023
UK_offshore_wind,3,2.7956752783579227e7,12160.0,0.26245149137432433
Cont_run_of_river,2,1.2321924980502557e7,3943.06,0.35673117850010877
Skandi_run_of_river,1,2.812732575854008e7,6701.93,0.47909810098082223
UK_run_of_river,3,1.5422219124673004e6,1919.0,0.0917419123156384
Skandi_pumped_hydro_storage,1,768383.5468975784,1260.0,0.0
UK_pumped_hydro_storage,3,9.142353827164106e6,4309.0,0.0
Cont_pumped_hydro_storage,2,2.025893724493885e7,10588.0,0.0
Skandi_battery,1,0.0,0.0,0.0
UK_battery,3,4.842095700846139e6,3600.0,0.0
Cont_battery,2,5.637323653560331e6,3900.0,0.0
