Region,Resource,Zone,Cluster,AnnualSum
Skandi,Skandi_conventional_hydroelectric,1,1,7.228196516357893e9
UK,UK_conventional_hydroelectric,3,1,0.0
Cont,Cont_conventional_hydroelectric,2,1,3.0037938853116214e8
Skandi,Skandi_CCS,1,1,0.0
Skandi,Skandi_natural_gas_combined_cycle,1,1,0.0
Skandi,Skandi_nuclear,1,1,0.0
Skandi,Skandi_biomass,1,1,0.0
Skandi,Skandi_lignite_coal,1,1,0.0
Skandi,Skandi_hard_coal,1,1,0.0
Cont,Cont_CCS,2,1,0.0
Cont,Cont_natural_gas_combined_cycle,2,1,1.8571498084015937e9
Cont,Cont_nuclear,2,1,2.056841840334685e9
Cont,Cont_biomass,2,1,0.0
Cont,Cont_lignite_coal,2,1,7.46639467178273e9
Cont,Cont_hard_coal,2,1,8.296787252566705e9
UK,UK_CCS,3,1,-1.916412553872575e-8
UK,UK_natural_gas_combined_cycle,3,1,1.723574714648709e9
UK,UK_nuclear,3,1,1.9644538256203396e9
UK,UK_biomass,3,1,0.0
UK,UK_lignite_coal,3,1,0.0
UK,UK_hard_coal,3,1,1.9250601112591164e9
Skandi,Skandi_solar_pv,1,1,0.0
Skandi,Skandi_onshore_wind,1,1,1.7095446635460594e9
Skandi,Skandi_solar_pv_utility,1,1,8.521887059618224e7
Skandi,Skandi_offshore_wind,1,1,3.6206315715459433e9
Cont,Cont_solar_pv,2,1,0.0
Cont,Cont_onshore_wind,2,1,1.218977864653013e10
Cont,Cont_solar_pv_utility,2,1,4.9712209240290575e9
Cont,Cont_offshore_wind,2,1,1.8294023313668277e9
UK,UK_solar_pv,3,1,0.0
UK,UK_onshore_wind,3,1,7.183381816467067e9
UK,UK_solar_pv_utility,3,1,1.2531656932427769e9
UK,UK_offshore_wind,3,1,1.3460190103744922e9
Cont,Cont_run_of_river,2,1,5.949207327965031e8
Skandi,Skandi_run_of_river,1,1,9.024453264340634e8
UK,UK_run_of_river,3,1,7.087314359511735e7
Skandi,Skandi_pumped_hydro_storage,1,0,4.874372099424088e7
UK,UK_pumped_hydro_storage,3,0,7.13690359932301e8
Cont,Cont_pumped_hydro_storage,2,0,1.6294294952133284e9
Skandi ,Skandi_battery,1,0,0.0
UK,UK_battery,3,0,3.814093540597314e8
Cont,Cont_battery,2,0,4.568172428266722e8
