Resource,Fuel,Zone,AnnualSumCosts
Skandi_CCS,CCS,1,0.0
Skandi_natural_gas_combined_cycle,Skandi_NG,1,0.0
Skandi_nuclear,Skandi_nuclear,1,0.0
Skandi_biomass,biomass,1,0.0
Skandi_lignite_coal,Skandi_lignite_coal,1,0.0
Skandi_hard_coal,Skandi_hard_coal,1,0.0
Cont_CCS,CCS,2,0.0
Cont_natural_gas_combined_cycle,Cont_NG,2,1.5986587405952346e9
Cont_nuclear,Cont_nuclear,2,1.3061871111328912e9
Cont_biomass,biomass,2,0.0
Cont_lignite_coal,Cont_lignite_coal,2,4.394294303583132e9
Cont_hard_coal,Cont_hard_coal,2,5.205577852443884e9
UK_CCS,CCS,3,-1.8116046525952356e-8
UK_natural_gas_combined_cycle,UK_NG,3,1.4877978827891881e9
UK_nuclear,UK_nuclear,3,1.2246279699303799e9
UK_biomass,biomass,3,0.0
UK_lignite_coal,UK_lignite_coal,3,0.0
UK_hard_coal,UK_hard_coal,3,1.1179385632985153e9
