Resource;Zone;Num_VRE_Bins;New_Build;Can_Retire;Existing_Cap_MW;Max_Cap_MW;Min_Cap_MW;Inv_Cost_per_MWyr;Fixed_OM_Cost_per_MWyr;Var_OM_Cost_per_MWh;Heat_Rate_MMBTU_per_MWh;Reg_Max;Rsv_Max;Reg_Cost;Rsv_Cost;region;cluster
Skandi_solar_pv;1;1;1;1;0;-1;0;41994.6309;1152.338859;0;9.13;0;0;0;0;Skandi;1
Skandi_onshore_wind;1;1;1;1;19829.8;-1;0;77338.17846;1082.734498;0.1962;9.12;0;0;0;0;Skandi;1
Skandi_solar_pv_utility;1;1;1;1;3200;-1;0;29929.87506;974.4610485;0;9.16;0;0;0;0;Skandi;1
Skandi_offshore_wind;1;1;1;1;0;-1;0;144931.7464;2397.483532;0.4251;9.12;0;0;0;0;Skandi;1
Cont_solar_pv;2;1;1;1;0;-1;0;41994.6309;1152.338859;0;9.13;0;0;0;0;Cont;1
Cont_onshore_wind;2;1;1;1;71543.61;-1;0;77338.17846;1082.734498;0.1962;9.12;0;0;0;0;Cont;1
Cont_solar_pv_utility;2;1;1;1;94452.12;-1;0;29929.87506;974.4610485;0;9.16;0;0;0;0;Cont;1
Cont_offshore_wind;2;1;1;1;15916.62;-1;0;144931.7464;2397.483532;0.4251;9.12;0;0;0;0;Cont;1
UK_solar_pv;3;1;1;1;0;-1;0;41994.6309;1152.338859;0;9.13;0;0;0;0;UK;1
UK_onshore_wind;3;1;1;1;13932;-1;0;77338.17846;1082.734498;0.1962;9.12;0;0;0;0;UK;1
UK_solar_pv_utility;3;1;1;1;13470;-1;0;29929.87506;974.4610485;0;9.16;0;0;0;0;UK;1
UK_offshore_wind;3;1;1;1;12160;-1;0;144931.7464;2397.483532;0.4251;9.12;0;0;0;0;UK;1
Cont_run_of_river;2;1;0;0;3943.06;-1;0;129154.758;634.1730633;0;9.12;0;0;0;0;Cont;1
Skandi_run_of_river;1;1;0;0;6701.93;-1;0;129154.758;634.1730633;0;9.12;0;0;0;0;Skandi;1
UK_run_of_river;3;1;0;0;1919;-1;0;129154.758;634.1730633;0;9.12;0;0;0;0;UK;1
