Resource;Zone;Model;New_Build;Can_Retire;Existing_Cap_MW;Existing_Cap_MWh;Max_Cap_MW;Max_Cap_MWh;Min_Cap_MW;Min_Cap_MWh;Inv_Cost_per_MWyr;Inv_Cost_per_MWhyr;Fixed_OM_Cost_per_MWyr;Fixed_OM_Cost_per_MWhyr;Var_OM_Cost_per_MWh;Var_OM_Cost_per_MWh_In;Self_Disch;Eff_Up;Eff_Down;Min_Duration;Max_Duration;Reg_Max;Rsv_Max;Reg_Cost;Rsv_Cost;region;cluster
Skandi_pumped_hydro_storage;1;1;0;0;1260;1.10E+07;-1;-1;0;0;70952.4573;1.00E+12;1809;0;0.47;0;0;0.866;0.866;0;8760;0.083333333;0.166666667;0;0;Skandi;0
UK_pumped_hydro_storage;3;1;0;0;4309;1.06E+05;-1;-1;0;0;70952.4573;1.00E+12;1809;0;0.47;0;0;0.866;0.866;0;200;0.083333333;0.166666667;0;0;UK;0
Cont_pumped_hydro_storage;2;1;0;0;10588;4.63E+05;-1;-1;0;0;70952.4573;1.00E+12;1809;0;0.47;0;0;0.866;0.866;0;200;0.083333333;0.166666667;0;0;Cont;0
Skandi_battery;1;1;1;1;0;0;-1;-1;0;0;66681.11937;16670.27984;20166;5041.5;0;0;0;0.92;0.92;1;4;0;0;0;0;Skandi ;0
UK_battery;3;1;1;1;3600;14400;-1;-1;0;0;66681.11937;16670.27984;20166;5041.5;0;0;0;0.92;0.92;1;4;0;0;0;0;UK;0
Cont_battery;2;1;1;1;3900;15600;-1;-1;0;0;66681.11937;16670.27984;20166;5041.5;0;0;0;0.92;0.92;1;4;0;0;0;0;Cont;0
