Resource;Zone;Retrofit_Id;StartCap;RetCap;RetroCap;NewCap;EndCap;CapacityConstraintDual;StartEnergyCap;RetEnergyCap;NewEnergyCap;EndEnergyCap;StartChargeCap;RetChargeCap;NewChargeCap;EndChargeCap
Skandi_conventional_hydroelectric;1;None;43001.43;0;0;0;43001.43;0;0;0;0;0;0;0;0;0
UK_conventional_hydroelectric;3;None;0;0;0;0;0;0;0;0;0;0;0;0;0;0
Cont_conventional_hydroelectric;2;None;1433;0;0;0;1433;0;0;0;0;0;0;0;0;0
Skandi_CCS;1;None;0;0;0;0;0;0;0;0;0;0;0;0;0;0
Skandi_natural_gas_combined_cycle;1;None;458.94;0;0;0;458.94;0;0;0;0;0;0;0;0;0
Skandi_nuclear;1;None;6900;2321.004754;0;0;4578.995246;0;0;0;0;0;0;0;0;0
Skandi_biomass;1;None;0;0;0;0;0;0;0;0;0;0;0;0;0;0
Skandi_lignite_coal;1;None;0;0;0;0;0;0;0;0;0;0;0;0;0;0
Skandi_hard_coal;1;None;0;0;0;0;0;0;0;0;0;0;0;0;0;0
Cont_CCS;2;None;0;0;0;0;0;0;0;0;0;0;0;0;0;0
Cont_natural_gas_combined_cycle;2;None;58714.72;0;0;0;58714.72;0;0;0;0;0;0;0;0;0
Cont_nuclear;2;None;9479;0;0;0;9479;0;0;0;0;0;0;0;0;0
Cont_biomass;2;None;11366.37;11244.16499;0;0;122.205014;0;0;0;0;0;0;0;0;0
Cont_lignite_coal;2;None;18900;0;0;0;18900;0;0;0;0;0;0;0;0;0
Cont_hard_coal;2;None;25154.5;0;0;0;25154.5;0;0;0;0;0;0;0;0;0
UK_CCS;3;None;0;0;0;0;0;0;0;0;0;0;0;0;0;0
UK_natural_gas_combined_cycle;3;None;41371;0;0;0;41371;0;0;0;0;0;0;0;0;0
UK_nuclear;3;None;8256;0;0;0;8256;0;0;0;0;0;0;0;0;0
UK_biomass;3;None;4528;4268.319593;0;0;259.6804071;0;0;0;0;0;0;0;0;0
UK_lignite_coal;3;None;0;0;0;0;0;0;0;0;0;0;0;0;0;0
UK_hard_coal;3;None;5755;0;0;0;5755;0;0;0;0;0;0;0;0;0
Skandi_solar_pv;1;None;0;0;0;0;0;0;0;0;0;0;0;0;0;0
Skandi_onshore_wind;1;None;19829.8;0;0;2021.558594;21851.35859;0;0;0;0;0;0;0;0;0
Skandi_solar_pv_utility;1;None;3200;0;0;0;3200;0;0;0;0;0;0;0;0;0
Skandi_offshore_wind;1;None;0;0;0;22723.88599;22723.88599;0;0;0;0;0;0;0;0;0
Cont_solar_pv;2;None;0;0;0;0;0;0;0;0;0;0;0;0;0;0
Cont_onshore_wind;2;None;71543.61;0;0;88237.08087;159780.6909;0;0;0;0;0;0;0;0;0
Cont_solar_pv_utility;2;None;94452.12;0;0;38090.13698;132542.257;0;0;0;0;0;0;0;0;0
Cont_offshore_wind;2;None;15916.62;0;0;0;15916.62;0;0;0;0;0;0;0;0;0
UK_solar_pv;3;None;0;0;0;0;0;0;0;0;0;0;0;0;0;0
UK_onshore_wind;3;None;13932;0;0;79074.58469;93006.58469;0;0;0;0;0;0;0;0;0
UK_solar_pv_utility;3;None;13470;0;0;13568.28083;27038.28083;0;0;0;0;0;0;0;0;0
UK_offshore_wind;3;None;12160;0;0;0;12160;0;0;0;0;0;0;0;0;0
Cont_run_of_river;2;None;3943.06;0;0;0;3943.06;0;0;0;0;0;0;0;0;0
Skandi_run_of_river;1;None;6701.93;0;0;0;6701.93;0;0;0;0;0;0;0;0;0
UK_run_of_river;3;None;1919;0;0;0;1919;0;0;0;0;0;0;0;0;0
Skandi_pumped_hydro_storage;1;None;1064.7;0;0;0;1064.7;0;0;0;0;0;0;0;0;0
UK_pumped_hydro_storage;3;None;4309;0;0;0;4309;0;0;0;0;0;0;0;0;0
Cont_pumped_hydro_storage;2;None;10588;0;0;0;10588;0;0;0;0;0;0;0;0;0
Skandi_battery;1;None;0;0;0;0;0;0;0;0;0;0;0;0;0;0
UK_battery;3;None;0;0;0;0;0;0;0;0;0;0;0;0;0;0
Cont_battery;2;None;0;0;0;0;0;0;0;0;0;0;0;0;0;0
Total;n/a;n/a;508347.8;17833.48933;0;243715.5279;734229.8386;n/a;0;0;0;0;0;0;0;0
