Region,Resource,Zone,Cluster,AnnualSum
Skandi,Skandi_conventional_hydroelectric,1,1,0.0
UK,UK_conventional_hydroelectric,3,1,0.0
Cont,Cont_conventional_hydroelectric,2,1,0.0
Skandi,Skandi_CCS,1,1,0.0
Skandi,Skandi_natural_gas_combined_cycle,1,1,0.0
Skandi,Skandi_nuclear,1,1,0.0
Skandi,Skandi_biomass,1,1,0.0
Skandi,Skandi_lignite_coal,1,1,0.0
Skandi,Skandi_hard_coal,1,1,0.0
Cont,Cont_CCS,2,1,0.0
Cont,Cont_natural_gas_combined_cycle,2,1,0.0
Cont,Cont_nuclear,2,1,0.0
Cont,Cont_biomass,2,1,0.0
Cont,Cont_lignite_coal,2,1,0.0
Cont,Cont_hard_coal,2,1,0.0
UK,UK_CCS,3,1,0.0
UK,UK_natural_gas_combined_cycle,3,1,0.0
UK,UK_nuclear,3,1,0.0
UK,UK_biomass,3,1,0.0
UK,UK_lignite_coal,3,1,0.0
UK,UK_hard_coal,3,1,0.0
Skandi,Skandi_solar_pv,1,1,0.0
Skandi,Skandi_onshore_wind,1,1,0.0
Skandi,Skandi_solar_pv_utility,1,1,0.0
Skandi,Skandi_offshore_wind,1,1,0.0
Cont,Cont_solar_pv,2,1,0.0
Cont,Cont_onshore_wind,2,1,0.0
Cont,Cont_solar_pv_utility,2,1,0.0
Cont,Cont_offshore_wind,2,1,0.0
UK,UK_solar_pv,3,1,0.0
UK,UK_onshore_wind,3,1,0.0
UK,UK_solar_pv_utility,3,1,0.0
UK,UK_offshore_wind,3,1,0.0
Cont,Cont_run_of_river,2,1,0.0
Skandi,Skandi_run_of_river,1,1,0.0
UK,UK_run_of_river,3,1,0.0
Skandi,Skandi_pumped_hydro_storage,1,0,0.0
UK,UK_pumped_hydro_storage,3,0,0.0
Cont,Cont_pumped_hydro_storage,2,0,0.0
Skandi ,Skandi_battery,1,0,0.0
UK,UK_battery,3,0,0.0
Cont,Cont_battery,2,0,0.0
