Region,Resource,Zone,Cluster,AnnualSum
Skandi,Skandi_conventional_hydroelectric,1,1,7.568467963791273e9
UK,UK_conventional_hydroelectric,3,1,0.0
Cont,Cont_conventional_hydroelectric,2,1,3.232966026382754e8
Skandi,Skandi_CCS,1,1,0.0
Skandi,Skandi_natural_gas_combined_cycle,1,1,3.870510932235798e6
Skandi,Skandi_nuclear,1,1,1.2110036611558504e8
Skandi,Skandi_biomass,1,1,0.0
Skandi,Skandi_lignite_coal,1,1,0.0
Skandi,Skandi_hard_coal,1,1,0.0
Cont,Cont_CCS,2,1,0.0
Cont,Cont_natural_gas_combined_cycle,2,1,4.395473500368841e9
Cont,Cont_nuclear,2,1,2.504229564235844e9
Cont,Cont_biomass,2,1,842562.0168769642
Cont,Cont_lignite_coal,2,1,7.900591444680915e9
Cont,Cont_hard_coal,2,1,8.696255420944729e9
UK,UK_CCS,3,1,0.0
UK,UK_natural_gas_combined_cycle,3,1,3.203642187583497e9
UK,UK_nuclear,3,1,2.185053121106259e9
UK,UK_biomass,3,1,1.7904081048557037e6
UK,UK_lignite_coal,3,1,0.0
UK,UK_hard_coal,3,1,1.922745223455038e9
Skandi,Skandi_solar_pv,1,1,0.0
Skandi,Skandi_onshore_wind,1,1,1.72321127811136e9
Skandi,Skandi_solar_pv_utility,1,1,8.315296878607923e7
Skandi,Skandi_offshore_wind,1,1,3.3880420715704517e9
Cont,Cont_solar_pv,2,1,0.0
Cont,Cont_onshore_wind,2,1,1.2592748571221394e10
Cont,Cont_solar_pv_utility,2,1,4.0961304581685266e9
Cont,Cont_offshore_wind,2,1,1.844999952554604e9
UK,UK_solar_pv,3,1,0.0
UK,UK_onshore_wind,3,1,7.334978485035971e9
UK,UK_solar_pv_utility,3,1,8.356001186128627e8
UK,UK_offshore_wind,3,1,1.3515784079408114e9
Cont,Cont_run_of_river,2,1,6.199896651089699e8
Skandi,Skandi_run_of_river,1,1,9.025785203011132e8
UK,UK_run_of_river,3,1,7.248131386358887e7
Skandi,Skandi_pumped_hydro_storage,1,0,0.0
UK,UK_pumped_hydro_storage,3,0,0.0
Cont,Cont_pumped_hydro_storage,2,0,0.0
Skandi ,Skandi_battery,1,0,0.0
UK,UK_battery,3,0,0.0
Cont,Cont_battery,2,0,0.0
