Resource,Fuel,Zone,AnnualSumCosts
Skandi_CCS,CCS,1,0.0
Skandi_natural_gas_combined_cycle,Skandi_NG,1,688943.0130022311
Skandi_nuclear,Skandi_nuclear,1,6.088814709463955e7
Skandi_biomass,biomass,1,0.0
Skandi_lignite_coal,Skandi_lignite_coal,1,0.0
Skandi_hard_coal,Skandi_hard_coal,1,0.0
Cont_CCS,CCS,2,0.0
Cont_natural_gas_combined_cycle,Cont_NG,2,3.525218263899389e9
Cont_nuclear,Cont_nuclear,2,1.521848261033942e9
Cont_biomass,biomass,2,187915.6310266378
Cont_lignite_coal,Cont_lignite_coal,2,4.2860302989388785e9
Cont_hard_coal,Cont_hard_coal,2,4.874417705227183e9
UK_CCS,CCS,3,0.0
UK_natural_gas_combined_cycle,UK_NG,3,2.581192451504317e9
UK_nuclear,UK_nuclear,3,1.3140342294043825e9
UK_biomass,biomass,3,399312.64652331924
UK_lignite_coal,UK_lignite_coal,3,0.0
UK_hard_coal,UK_hard_coal,3,9.746744382846972e8
