Region,Resource,Zone,Cluster,AnnualSum
Skandi,Skandi_conventional_hydroelectric,1,1,9.391384260495733e9
UK,UK_conventional_hydroelectric,3,1,0.0
Cont,Cont_conventional_hydroelectric,2,1,4.386726028514038e8
Skandi,Skandi_CCG_CCS,1,1,0.0
Skandi,Skandi_natural_gas_combined_cycle,1,1,1.8057205486789033e8
Skandi,Skandi_nuclear,1,1,4.2617860678331745e8
Skandi,Skandi_biomass,1,1,0.0
Skandi,Skandi_lignite_coal,1,1,0.0
Skandi,Skandi_hard_coal,1,1,0.0
Cont,Cont_CCG_CCS,2,1,1.2634751281429522e9
Cont,Cont_natural_gas_combined_cycle,2,1,1.2703995697109304e10
Cont,Cont_nuclear,2,1,3.92452521801329e9
Cont,Cont_biomass,2,1,5.172786224646691e6
Cont,Cont_lignite_coal,2,1,1.0614429560242503e9
Cont,Cont_hard_coal,2,1,3.9940992041325307e9
UK,UK_CCG_CCS,3,1,0.0
UK,UK_natural_gas_combined_cycle,3,1,5.381293823936923e9
UK,UK_nuclear,3,1,2.8545570528491883e9
UK,UK_biomass,3,1,9.563706361827578e6
UK,UK_lignite_coal,3,1,0.0
UK,UK_hard_coal,3,1,1.8459944344285238e9
Skandi,Skandi_solar_pv,1,1,0.0
Skandi,Skandi_onshore_wind,1,1,3.516283956606509e9
Skandi,Skandi_solar_pv_utility,1,1,6.944074113955912e7
Skandi,Skandi_offshore_wind,1,1,4.050094378857928e9
Cont,Cont_solar_pv,2,1,0.0
Cont,Cont_onshore_wind,2,1,2.691192049211106e10
Cont,Cont_solar_pv_utility,2,1,6.420277709338374e9
Cont,Cont_offshore_wind,2,1,1.7739720392694814e9
UK,UK_solar_pv,3,1,0.0
UK,UK_onshore_wind,3,1,1.0288204032344877e10
UK,UK_solar_pv_utility,3,1,1.6376926311141577e9
UK,UK_offshore_wind,3,1,1.3068591872971125e9
Cont,Cont_run_of_river,2,1,7.411605633518633e8
Skandi,Skandi_run_of_river,1,1,8.204930976908718e8
UK,UK_run_of_river,3,1,8.114203733212939e7
Skandi,Skandi_pumped_hydro_storage,1,0,2.703882591479193e8
UK,UK_pumped_hydro_storage,3,0,9.547917180793059e8
Cont,Cont_pumped_hydro_storage,2,0,2.5890493246892133e9
Skandi ,Skandi_battery,1,0,0.0
UK,UK_battery,3,0,4.628241274837529e8
Cont,Cont_battery,2,0,5.650262672096303e8
