Resource,Fuel,Zone,AnnualSumCosts
Skandi_CCG_CCS,NG_CCS,1,0.0
Skandi_natural_gas_combined_cycle,Skandi_NG,1,5.6263282396234624e7
Skandi_nuclear,Skandi_nuclear,1,1.583675142096988e8
Skandi_biomass,biomass,1,0.0
Skandi_lignite_coal,Skandi_lignite_coal,1,0.0
Skandi_hard_coal,Skandi_hard_coal,1,0.0
Cont_CCG_CCS,NG_CCS,2,8.60150763146226e8
Cont_natural_gas_combined_cycle,Cont_NG,2,7.284153911843092e9
Cont_nuclear,Cont_nuclear,2,1.8917772246141813e9
Cont_biomass,biomass,2,610038.6092932331
Cont_lignite_coal,Cont_lignite_coal,2,8.216696256459661e7
Cont_hard_coal,Cont_hard_coal,2,1.0044588190264174e9
UK_CCG_CCS,NG_CCS,3,0.0
UK_natural_gas_combined_cycle,UK_NG,3,2.964643334847373e9
UK_nuclear,UK_nuclear,3,1.4582245952255778e9
UK_biomass,biomass,3,1.1111192990212191e6
UK_lignite_coal,UK_lignite_coal,3,0.0
UK_hard_coal,UK_hard_coal,3,6.148232116674212e8
